"Locus","Ploidy","SNPpos","Allele1","Allele2","Probe1","Probe2","Primer"
"NW_022589704.1_108315098",2,NA,"T","C","CTCCTGGTGCTGTCC","CTCCTGGCGCTGTCC","CAACACTGGTCTGCACTGCT"
"NW_022589704.1_18122236",2,NA,"C","T","CATCAGCCAGCCACA","CATCAGCTAGCCACA","ACAGCCTGGGACCTCTCTTC"
"NW_022589704.1_21261711",2,NA,"T","C","CCCCTGATTCTGGGA","CCCCTGACTCTGGGA","TCTCTGAGCCCTGGAAATGT"
"NW_022589704.1_2175367",2,NA,"G","A","AACATGCGAGTATGT","AACATGCAAGTATGT","TTCAAGCTGGTTCACCAATG"
"NW_022589704.1_3118832",2,NA,"T","C","GGAACCATGTGGGCT","GGAACCACGTGGGCT","CGAATCAGCAACAGTTGACC"
"NW_022589704.1_57392716",2,NA,"T","G","AGGTCCTTTTTTTTT","AGGTCCTGTTTTTTT","TTAGAGCTTAGGGGAACTAAATAGG"
"NW_022589704.1_60174653",2,NA,"G","A","TGAGCAAGTGTGTAT","TGAGCAAATGTGTAT","AGGCCCTTCCACCTTTTACA"
"NW_022589704.1_6076434",2,NA,"C","T","GCACCTGCGAATGTT","GCACCTGTGAATGTT","AGCAAGCAGTGGTGGTTCTT"
"NW_022589704.1_64758645",2,NA,"C","G","TAACCTGCCAGTTAT","TAACCTGGCAGTTAT","GAATGAAGCCTGCATAACCTG"
"NW_022589704.1_66315341",2,NA,"T","C","TTAATTTTCCACAGC","TTAATTTCCCACAGC","GCAGGCATGATCAGACTCAA"
"NW_022589704.1_673829",2,NA,"G","C","GCTTACAGAGTCCAG","GCTTACACAGTCCAG","CCAAGCTGCTCTACGCTTAC"
"NW_022589704.1_91276337",2,NA,"G","A","CTGCCACGCACCACC","CTGCCACACACCACC","ATCTCCCCACCATATGAGCA"
"NW_022589705.1_12542394",2,NA,"T","A","AGAGTTTTAAAGCCA","AGAGTTTAAAAGCCA","GCCCTGATACAAGAATGCAGA"
"NW_022589705.1_51277226",2,NA,"T","C","CTTCTCATGTCACCC","CTTCTCACGTCACCC","CACCCATTCCTCTCCCTACA"
"NW_022589705.1_51596801",2,NA,"T","C","AGGTTTTTTTGCTTT","AGGTTTTCTTGCTTT","TGGGAAGCTAGTGAACTGTCC"
"NW_022589705.1_51924496",2,48,"T","G","CTTCAAATCCCCTGG","CTTCAAAGCCCCTGG","CCTATGGCGCTTCATACCTT"
"NW_022589705.1_77398279",2,NA,"T","C","AATTAACTGCCCCAG","AATTAACCGCCCCAG","AGTGAAGGTGAGTCCCAAGG"
"NW_022589705.1_81002120",2,NA,"T","C","TGGAACCTCTCTTAC","TGGAACCCCTCTTAC","ATCCAGCTTTCCCAAGGTCT"
"NW_022589705.1_83098873",2,NA,"A","G","GGAAGGGAGGAGGCT","GGAAGGGGGGAGGCT","CAACGAAGGACAAGACGTAGC"
"NW_022589705.1_84272029",2,NA,"C","T","AACGTCCCGATATGA","AACGTCCTGATATGA","CACCTCTGCCATGTGCTAAA"
"NW_022589705.1_86924741",2,NA,"G","T","GCCTGCAGGGCTGTG","GCCTGCATGGCTGTG","GGAAAACCTAGGTGGGTTGG"
"NW_022589705.1_88495848",2,NA,"A","T","AGAAAAGACTATCAA","AGAAAAGTCTATCAA","GCCAGTGGCTTTAAGACAGG"
"NW_022589705.1_90291527",2,NA,"C","T","GTGGGCACGTGCCTG","GTGGGCATGTGCCTG","GGACCTTCCAGAAGTTTCTACAG"
"NW_022589705.1_91137169",2,NA,"T","C","CCTTTCTTAGCAGCC","CCTTTCTCAGCAGCC","AGGATGCCCTCCAAGATGAT"
"NW_022589705.1_92717654",2,NA,"G","T","GCCTGCAGGAGTAGA","GCCTGCATGAGTAGA","AAAGGCAGGTTCCCTGTTCT"
"NW_022589705.1_96109252",2,NA,"G","A","CAAACGGGATCTCCA","CAAACGGAATCTCCA","GTGTCGGAACTTCACTGCTG"
"NW_022589705.1_96492220",2,NA,"C","A","ACTGTTCCTGCAGGT","ACTGTTCATGCAGGT","TTCCTCACTCTCTGGGTCCT"
"NW_022589705.1_97387384",2,NA,"C","T","CTGGCTGCTGGAGGA","CTGGCTGTTGGAGGA","TTGTCTTTGTTACGGCCACA"
"NW_022589705.1_97444246",2,NA,"C","T","TTGGCATCTGTATGG","TTGGCATTTGTATGG","GTCTCGCAGTGAGGATGTTG"
"NW_022589705.1_99535569",2,25,"G","A","GAGGCAGGACCTCCA","GAGGCAGAACCTCCA","AAGGGCCTTAAGCTGCAGAG"
"NW_022589706.1_23005921",2,NA,"T","A","TCTTCATTTTTTTTT","TCTTCATATTTTTTT","CCATGGTGCCAAAACTTCAT"
"NW_022589706.1_26593025",2,51,"A","G","GTTTCCAACAACAGT","GTTTCCAGCAACAGT","TTCAGATGCCCTCCGAATAC"
"NW_022589706.1_346156",2,NA,"G","A","TGGGACCGTTGCTCT","TGGGACCATTGCTCT","GACCATCACCTCCCTTCTCA"
"NW_022589706.1_76389308",2,NA,"G","C","TTCTTGAGACTAAAA","TTCTTGACACTAAAA","AGGAACAGGGAGGAGGAAAA"
"NW_022589706.1_8796961",2,NA,"T","G","GTTTTTTTGTTTTTG","GTTTTTTGGTTTTTG","CATGCAGCACTTAAAACTTGG"
"NW_022589707.1_13657042",2,NA,"A","G","GGGCCCCACCCCGAG","GGGCCCCGCCCCGAG","CCAGGAACGTGCGTAGGTAT"
"NW_022589707.1_137364",2,NA,"T","A","CCAGGGCTAGAATAT","CCAGGGCAAGAATAT","GGGAGCGAGAGCTCAAAGTA"
"NW_022589707.1_33912486",2,NA,"T","C","TGGCACATGTTAGAT","TGGCACACGTTAGAT","GGGGTGGTTTGAAGAGGAGT"
"NW_022589707.1_5015225",2,NA,"G","T","GTTATTAGTAATAAA","GTTATTATTAATAAA","TTCCCAAAGGGAAGATGTTG"
"NW_022589708.1_18269756",2,NA,"T","C","GTATGTATGCTCAAC","GTATGTACGCTCAAC","AGGCTATCACACCCCACAGA"
"NW_022589708.1_20109473",2,NA,"T","C","AACAGAATAGAAATG","AACAGAACAGAAATG","ATTTGCTCAGAAAGCCCAAC"
"NW_022589708.1_54919705",2,NA,"G","C","CGGTTTGGGATTTTT","CGGTTTGCGATTTTT","GCATTTTTGCTTCCTAAATGCT"
"NW_022589708.1_70281874",2,NA,"A","C","GGTCCGCAGCTCGGG","GGTCCGCCGCTCGGG","GCTAAGGGTGAATGCAGGTC"
"NW_022589709.1_72844646",2,NA,"C","T","ACGGATGCGGATTAC","ACGGATGTGGATTAC","GGTTGTCATGGGTCCTGAAC"
"NW_022589710.1_38937475",2,NA,"G","T","GCCTGCAGGAGGCAG","GCCTGCATGAGGCAG","CCAAACCACAGAGGGTTGTA"
"NW_022589710.1_40747112",2,NA,"G","T","CCCTGCAGGAGAGGC","CCCTGCATGAGAGGC","TAGCCCAGAGCACCTCTGTC"
"NW_022589710.1_46697841",2,NA,"G","C","CCACACCGGGGTCCC","CCACACCCGGGTCCC","TTCTTCATGCGATGGGACAT"
"NW_022589710.1_48613887",2,NA,"C","T","ATCTGTCCTACCCGA","ATCTGTCTTACCCGA","GGAGCAGGAATTCAAACTCAG"
"NW_022589710.1_58684669",2,NA,"C","G","AATTCCCCCATGAAC","AATTCCCGCATGAAC","CCTCTGTTTCTCTGGGCTGA"
"NW_022589710.1_58766218",2,NA,"A","G","GCATTGGAGAGACGG","GCATTGGGGAGACGG","CCGGAGGATCTTCTCTGCTA"
"NW_022589711.1_49221334",2,NA,"A","T","AAGAGGTATCCCCTG","AAGAGGTTTCCCCTG","GAGGGCCAGACAATCAAGAG"
"NW_022589711.1_49262562",2,61,"G","A","CGGTAGCGTAGAGGT","CGGTAGCATAGAGGT","AAAGAGTTCTGCCCGCATAC"
"NW_022589711.1_55470172",2,NA,"C","A","GCAAATGCAGTGTGT","GCAAATGAAGTGTGT","AAGTCAAGGCTGGTTCCGTA"
"NW_022589712.1_2218213",2,NA,"G","C","ACCTGGTGGCCGCAC","ACCTGGTCGCCGCAC","CGCTCCTGTCATTCACATCA"
"NW_022589712.1_5116809",2,NA,"G","A","GGTTTGGGGCAGGGC","GGTTTGGAGCAGGGC","GACAACTTTTGGCAGCAAAG"
"NW_022589713.1_19231112",2,33,"A","G","CAGCACAAAAAGAAG","CAGCACAGAAAGAAG","CTGGCTCTGGGAAAGAAGAC"
"NW_022589716.1_10116571",2,NA,"A","C","GGGTGTGAGGGGGGC","GGGTGTGCGGGGGGC","CCCGCTCATCTGTCTTTACC"
"NW_022589716.1_1448557",2,NA,"A","G","GGGGCCCATCAGAGC","GGGGCCCGTCAGAGC","TCGCTCTTCCAGAGACGATT"
"NW_022589716.1_16778659",2,NA,"T","C","CTTCAACTCACTGGG","CTTCAACCCACTGGG","GGAGCTTCCAAAGAGCACAT"
"NW_022589716.1_3320734",2,NA,"C","A","AGCGGGCCTACCAGC","AGCGGGCATACCAGC","CTGTCGCAAGACTCCACGTA"
"NW_022589718.1_10531376",2,NA,"G","A","CTCTCACGGTCACCA","CTCTCACAGTCACCA","GCAGGCCCTTTAAAGACTGG"
"NW_022589718.1_26110134",2,51,"C","G","CTCCCTGCGCTGCTT","CTCCCTGGGCTGCTT","GCGCATGTAAAACAAGACGA"
"NW_022589719.1_28734546",2,NA,"C","A","CGCAAGCCCCCATCA","CGCAAGCACCCATCA","TTGGTGTATGAGGGACAGGAG"
"NW_022589719.1_29948259",2,NA,"T","C","CTTCCAGTTGCTCTC","CTTCCAGCTGCTCTC","TCTGAGCTGCCAAATCTTCC"
"NW_022589719.1_31741928",2,NA,"T","G","CGTGGCCTCTGGGAG","CGTGGCCGCTGGGAG","TGAACCTGAGCAGGTCACTT"
"NW_022589719.1_32508057",2,NA,"C","A","TCTATCCCTGCAGGG","TCTATCCATGCAGGG","ATGAGGAGCCTTCTGGCTTT"
"NW_022589719.1_32946429",2,NA,"C","T","ATGAAATCCGCTCCC","ATGAAATTCGCTCCC","GGCTCTGGAGTCACGCTCTA"
"NW_022589719.1_33704491",2,NA,"G","A","CTGGGAGGGAGTGTG","CTGGGAGAGAGTGTG","GTGTCCACATCCCAGGATTC"
"NW_022589719.1_34878088",2,NA,"C","A","TTTGGAGCGTCTGGT","TTTGGAGAGTCTGGT","AAGGAAACTCCTTCCCCAAG"
"NW_022589719.1_37872006",2,NA,"C","T","TACATGGCGCAGGGC","TACATGGTGCAGGGC","CTGGTGCTCAAGCGTTTACA"
"NW_022589720.1_24612532",2,30,"T","G","TCCCTCTTCAACACC","TCCCTCTGCAACACC","TAAACCGGACACTCGGAAAG"
"NW_022589721.1_32465299",2,33,"A","G","TGCCTCGAGGAAGAG","TGCCTCGGGGAAGAG","CCCCTAGTCTTCACCTCGTG"
"NW_022589721.1_32838835",2,NA,"T","C","CCCTGGGTTCTCCCA","CCCTGGGCTCTCCCA","GCAGGCAGAGGAGACTTAGC"
"NW_022589721.1_34238482",2,NA,"A","C","TGGTTCCACCCACAG","TGGTTCCCCCCACAG","CTCGGGCTACTCTTCCACTG"
"NW_022589721.1_35186132",2,45,"G","A","GGGGTCCGCAGACAT","GGGGTCCACAGACAT","ACAAAGGTGCGGCCATGTAT"
"NW_022589722.1_23348129",2,NA,"A","G","AGGCTAAACACCCTG","AGGCTAAGCACCCTG","CCTGCCTAGGAAATGCTCTG"
"NW_022589722.1_29869507",2,NA,"T","G","GTAGGGCTGGGTGCG","GTAGGGCGGGGTGCG","TGATCTTTCCTCCACATCCTG"
"NW_022589722.1_32800850",2,NA,"C","T","AAGGGCTCT[T/C]ATCTA","AAGGGCTTT[T/C]ATCTA","CCTCACTGGGTTCTGGGTTT"
"NW_022589722.1_32800850",2,NA,"T","C","AAGGGCT[C/T]TTATCTA","AAGGGCT[C/T]TCATCTA","CCTCACTGGGTTCTGGGTTT"
"NW_022589722.1_33593715",2,NA,"T","C","CTCAGGCTGCCTGCA","CTCAGGCCGCCTGCA","TTCCCACTTGACTTGTGTGTG"
"NW_022589722.1_34659502",2,NA,"C","T","CAACTGAC[A/G]AGACAT","CAACTGAT[A/G]AGACAT","GGAAGAGGAGAGGACCACAA"
"NW_022589722.1_34659502",2,NA,"A","G","CAACTGA[C/T]AAGACAT","CAACTGA[C/T]GAGACAT","GGAAGAGGAGAGGACCACAA"
"NW_022589723.1_13743038",2,NA,"A","G","GACTGTGAGAGAGGC","GACTGTGGGAGAGGC","CGATGACCATGTCCTGACTGT"
"NW_022589723.1_28421687",2,NA,"G","A","GAGGATGGCCCAGGA","GAGGATGACCCAGGA","AGTGATCTGATGGCGAAGGT"
"NW_022589723.1_34036548",2,NA,"G","A","ATTGCCGGCCCAGCT","ATTGCCGACCCAGCT","CCCCCTAAAGCCCTTAGAAC"
"NW_022589723.1_7471296",2,NA,"T","C","ATGCTACTGGCCACT","ATGCTACCGGCCACT","GGCTCAGAAAGGCAATGCTA"
"NW_022589724.1_14411400",2,NA,"C","T","TTAGTCTCGGCACCT","TTAGTCTTGGCACCT","GAGGCAGGTAAGGTGCTGAG"
"NW_022589724.1_21227415",2,NA,"C","A","GCCCAGCCCCCCTAA","GCCCAGCACCCCTAA","TGGCCTTGTTCCTCATCTTC"
"NW_022589724.1_23017017",2,NA,"T","G","CCGGGCCTTCTTGGG","CCGGGCCGTCTTGGG","ATGCACTTTCCCATCCAAGA"
"NW_022589724.1_25351852",2,NA,"T","C","CTGCATGTGTGCTTG","CTGCATGCGTGCTTG","CCCAGGCAGTGGAGACAGTA"
"NW_022589724.1_30190416",2,NA,"A","C","TTACCAAAGGGGAGC","TTACCAACGGGGAGC","CACTGGGGCCACCTTTTTAC"
"NW_022589724.1_30995560",2,NA,"T","G","CCCGGGCTGGGACCA","CCCGGGCGGGGACCA","CTGCTCTGCTTCGTTCACTC"
"NW_022589725.1_10284692",2,NA,"T","C","GAAGGAGTGGGAGAG","GAAGGAGCGGGAGAG","GGCTCCCCTTTCCTACAGAA"
"NW_022589725.1_15718888",2,NA,"C","T","GGTGTCCCACAGCTA","GGTGTCCTACAGCTA","AGCGAGGGAACGGATAGAAA"
"NW_022589725.1_36294559",2,NA,"G","C","TAGTGAGGTCCTTCC","TAGTGAGCTCCTTCC","CCCACCAATCATGTTGAGTCT"
"NW_022589730.1_20146925",2,NA,"C","T","TGTACTACGGCCGTC","TGTACTATGGCCGTC","TCCATCCAGCGAAAGTTTTT"
"NW_022589731.1_10736780",2,NA,"T","G","GAGGGGGTGGGCTGG","GAGGGGGGGGGCTGG","AGGCTGGGAGCTCAGTTTTT"
"NW_022589731.1_18772861",2,NA,"T","G","TCAGTCCTTAGACCT","TCAGTCCGTAGACCT","TCCCAACATTTGGATTCAGTC"
"NW_022589731.1_19396933",2,NA,"G","A","TCTCGCCGTACTTTC","TCTCGCCATACTTTC","GAACACAGCGAATTCAAGCA"
"NW_022589731.1_19501024",2,NA,"T","C","TCTACTGTGGGTTAG","TCTACTGCGGGTTAG","AACCACACACAGCATTGTCC"
"NW_022589731.1_19779680",2,NA,"G","T","GAACTGTGCTGGCAG","GAACTGTTCTGGCAG","GGGCCCTTCTAAGGATGTTG"
"NW_022589731.1_20902073",2,NA,"T","C","GACAAGATGAGGAGT","GACAAGACGAGGAGT","CCAGTGAAGCTCCCTAGCAC"
"NW_022589731.1_25054300",2,NA,"A","G","CATGGGAACTGCTGG","CATGGGAGCTGCTGG","TCTTGGCTGAGACAGGGTTT"
"NW_022589731.1_25536454",2,NA,"A","G","TCAGAGAACCAGGAA","TCAGAGAGCCAGGAA","CATGCTGGATGGCTTCATTA"
"NW_022589731.1_25881771",2,NA,"T","C","CCTGACTTC[T/C]TTCAG","CCTGACTCC[T/C]TTCAG","AGGGAACACTCAAGGTGACG"
"NW_022589731.1_25881771",2,NA,"T","C","CCTGACT[T/C]CTTTCAG","CCTGACT[T/C]CCTTCAG","AGGGAACACTCAAGGTGACG"
"NW_022589731.1_2645774",2,NA,"G","T","GGAGCATGGGGATTC","GGAGCATTGGGATTC","TCTTTGGTCAAGGGATACGC"
"NW_022589731.1_2797979",2,NA,"T","C","GGTACTCTGGAGAAG","GGTACTCCGGAGAAG","GGACCTACCGAATTCCTTCC"
"NW_022589731.1_397611",2,NA,"A","G","AGAGCCCAGAAGGTT","AGAGCCCGGAAGGTT","GCAGAGTGCAACTCCAGCTT"
"NW_022589732.1_10888700",2,NA,"C","T","TTCAGGCCGGGTGCT","TTCAGGCTGGGTGCT","TGCCTCTGGGACTGAGATTC"
"NW_022589732.1_23971244",2,NA,"G","T","GCCTGCAGGAGACAC","GCCTGCATGAGACAC","CTGCCTCCAAGACCGAACAT"
"NW_022589732.1_4664273",2,NA,"T","C","ATGCCTCT[T/C]TATTGC","ATGCCTCC[T/C]TATTGC","CAGCCACCACACCTGACTAT"
"NW_022589732.1_4664273",2,NA,"T","C","ATGCCTC[T/C]TTATTGC","ATGCCTC[T/C]CTATTGC","CAGCCACCACACCTGACTAT"
"NW_022589733.1_5251130",2,36,"C","G","TTCCAAGCCAGCTGC","TTCCAAGGCAGCTGC","GCACTGCATAATCTCGGATG"
"NW_022589733.1_7187181",2,NA,"A","G","AAAGCTCACTCCTGC","AAAGCTCGCTCCTGC","CCTCCTAAGAGGGGACTCCA"
"NW_022589733.1_9809599",2,NA,"A","G","GGAGAACATGTGTGC","GGAGAACGTGTGTGC","ACCCCAATGACTACGTGGAA"
"NW_022589734.1_20980339",2,NA,"G","A","TCAGGGGGACTTAGT","TCAGGGGAACTTAGT","TTTAGGGGAAGAGGCTTTGC"
"NW_022589734.1_4183726",2,NA,"T","C","TTAGAACTGATAAAA","TTAGAACCGATAAAA","GCTGGAGTGTGTTTTTGTGG"
"NW_022589734.1_6683302",2,NA,"G","A","CTCAGAGGCCCTCTT","CTCAGAGACCCTCTT","CACAGACAGCACCCCAGTTG"
"NW_022589736.1_13460239",2,NA,"T","G","TAAACATTGCCAGGG","TAAACATGGCCAGGG","GTGGGCCTTCAGTAAGGTTG"
"NW_022589736.1_1587093",2,NA,"G","C","CATGCTGGGAACACA","CATGCTGCGAACACA","TGGTTAATGTATTGCCCACAA"
"NW_022589736.1_1605483",2,NA,"G","A","AAGTAAAGAAAAAAA","AAGTAAAAAAAAAAA","ATTTGGCAATCGTTTCTTGG"
"NW_022589736.1_294866",2,NA,"C","T","TGCCACTCC[A/C]ATTTT","TGCCACTTC[A/C]ATTTT","AAGGAAGCCAGGGTCTGAAT"
"NW_022589736.1_294866",2,NA,"A","C","TGCCACT[C/T]CAATTTT","TGCCACT[C/T]CCATTTT","AAGGAAGCCAGGGTCTGAAT"
"NW_022589736.1_5127472",2,NA,"T","C","ACCCACCTGTCCCAG","ACCCACCCGTCCCAG","ACTGCCTGTCTTTGCTCGAC"
"NW_022589737.1_1089531",2,NA,"C","T","CCAGCACCGACTTTT","CCAGCACTGACTTTT","GATTCAGATTAGTGCCCAGCA"
"NW_022589737.1_4419568",2,NA,"G","A","GATGATCGGGCCGGG","GATGATCAGGCCGGG","AGGAGCACTCACTGGTAGCC"
"NW_022589737.1_8177453",2,NA,"C","G","GCAGACTCTTTTTCC","GCAGACTGTTTTTCC","CCTTTCGACAATGTGTGCAT"
"NW_022589740.1_2571199",2,NA,"T","C","CATTGGCTG[C/G]ACTCT","CATTGGCCG[C/G]ACTCT","ACCACACATGCAGTCTCTCG"
"NW_022589740.1_2571199",2,NA,"C","G","CATTGGC[T/C]GCACTCT","CATTGGC[T/C]GGACTCT","ACCACACATGCAGTCTCTCG"
"NW_022589740.1_7910098",2,66,"T","C","GGTGCACTGGCTCAG","GGTGCACCGGCTCAG","ACACGAATGATGCTGTGAGC"
"NW_022589741.1_1077334",2,NA,"T","C","TGTTCCATAGAATGA","TGTTCCACAGAATGA","CTTGGGCTTTTCCAGCATAG"
"NW_022589741.1_12504679",2,NA,"G","A","GAGAACTGAAAGTAA","GAGAACTAAAAGTAA","TGGTGGAGAGGACCTCAATC"
"NW_022589741.1_16624898",2,NA,"T","C","CAGAGCCTCTT[T/C]GCT","CAGAGCCCCTT[T/C]GCT","GACCTGCAGGGCACAGTACA"
"NW_022589741.1_16624898",2,NA,"T","C","CAGAGCC[T/C]CTTTGCT","CAGAGCC[T/C]CTTCGCT","GACCTGCAGGGCACAGTACA"
"NW_022589743.1_10053266",2,NA,"T","G","GGGAGGGTGGGAGGC","GGGAGGGGGGGAGGC","AGAGAGGCTGTGTGATGCAG"
"NW_022589743.1_10246629",2,NA,"T","C","ACTTAACTTCCCTGC","ACTTAACCTCCCTGC","TCACTCTGGTCGCATGACTT"
"NW_022589743.1_10247796",2,NA,"T","C","AGGAGTGTGCAATGC","AGGAGTGCGCAATGC","CCCAGACCTGAAGGAAGAAA"
"NW_022589743.1_23776205",2,NA,"C","A","CAGGGCTC[C/A]CTGACT","CAGGGCTA[C/A]CTGACT","CCCACATATGCCACCTCTTT"
"NW_022589743.1_23776205",2,NA,"C","A","CAGGGCT[C/A]CCTGACT","CAGGGCT[C/A]ACTGACT","CCCACATATGCCACCTCTTT"
"NW_022589743.1_3281835",2,NA,"T","C","GACCAGGTGCTGATT","GACCAGGCGCTGATT","TGGTAGGCCCACTCTGAGAC"
"NW_022589743.1_4363316",2,NA,"T","C","GGAGTTGTGGGGGGC","GGAGTTGCGGGGGGC","GAATTTTCCGAACCCTGGAG"
"NW_022589743.1_4697651",2,NA,"G","A","GAGCCCAGAGGAAGG","GAGCCCAAAGGAAGG","GCTGGCCTTTTCTCCTTTTC"
"NW_022589744.1_10484174",2,NA,"T","C","AGCACTCTGCGACCA","AGCACTCCGCGACCA","CTGGGGACACCAGGAACTGT"
"NW_022589744.1_12308316",2,NA,"A","C","CCTTCCTAGGAGCGT","CCTTCCTCGGAGCGT","AGAGTGCCGAGCTCCCTTAG"
"NW_022589744.1_13184309",2,NA,"G","A","GGTAAGCGTGTGGAC","GGTAAGCATGTGGAC","CTCTCGGGCGGTTAACTTCT"
"NW_022589744.1_15294223",2,NA,"C","T","CAGCTGACGCTGTAG","CAGCTGATGCTGTAG","GGCTGCCTTGTGAGTCTTTC"
"NW_022589744.1_15319590",2,NA,"C","T","GGAATGACTTATTTC","GGAATGATTTATTTC","TGGAGGGTTTTAGGCAGATG"
"NW_022589744.1_3223339",2,NA,"T","C","TATGCTGTTGATCTT","TATGCTGCTGATCTT","TCAGGGATTTTCCATACAGTTC"
"NW_022589744.1_9417594",2,NA,"C","T","CTCGCTACGCTCTTT","CTCGCTATGCTCTTT","CAACATTTCTAGACTTGGCACCT"
"NW_022589744.1_9735449",2,NA,"C","A","TTTTTTTCAATTGAG","TTTTTTTAAATTGAG","CGGAAGACCTGAGTTCTAATCC"
"NW_022589745.1_11211840",2,NA,"T","C","CTGTCACTCATGTGC","CTGTCACCCATGTGC","TGGAGTCCAAAGCAATTTCA"
"NW_022589745.1_14837244",2,NA,"G","A","CCCCGACGGTTCTTT","CCCCGACAGTTCTTT","TTCTTGGTCTCAGCACGATG"
"NW_022589745.1_3714224",2,NA,"C","T","CTTTTGGCTTCTACT","CTTTTGGTTTCTACT","ACGAGAGTGTGCTCTCATGC"
"NW_022589745.1_4723194",2,NA,"G","A","TCCTCCCGGCCCTGG","TCCTCCCAGCCCTGG","TTCAGCTCGTTAATGATCCTC"
"NW_022589745.1_6750030",2,NA,"A","C","CTGCCTTACACCCCC","CTGCCTTCCACCCCC","GGGCCCATCTGTGTTTACTG"
"NW_022589745.1_8052946",2,NA,"T","C","ATGGCGGTGTAACAG","ATGGCGGCGTAACAG","TCTGCCATGAGAAATTCCAA"
"NW_022589746.1_1643845",2,NA,"G","A","CTGCAAGGGGTAGTC","CTGCAAGAGGTAGTC","AGGGTTCCTAGGGTCCTCCT"
"NW_022589746.1_5298650",2,NA,"A","C","GTTCTTAATCTAACT","GTTCTTACTCTAACT","GGAGCAGGGAGGCTACAGTT"
"NW_022589746.1_6437824",2,NA,"C","T","AGGGCTCCGTGCAAG","AGGGCTCTGTGCAAG","GGAGATTAGGCCCAAGACAG"
"NW_022589748.1_3433670",2,NA,"C","G","CATCTCGCGGCGGAT","CATCTCGGGGCGGAT","CCAGTTGTTTTGCCTTTGCT"
"NW_022589748.1_4003743",2,NA,"C","G","TTCCTGGCAAGCTCT","TTCCTGGGAAGCTCT","AGGGACTGATCTGGCACTGT"
"NW_022589748.1_4098542",2,NA,"C","G","CTTCACACGACCCTC","CTTCACAGGACCCTC","GGTATGGCCAGTTTCCTTCA"
"NW_022589748.1_636682",2,NA,"T","C","CTGCCTTTCTCTCGA","CTGCCTTCCTCTCGA","GAACACGGAACTGAGGCAAG"
"NW_022589748.1_7775121",2,NA,"T","C","CAGAAGATGGAAAGC","CAGAAGACGGAAAGC","GACACAAGGTCATCCTAACAGC"
"NW_022589748.1_9748705",2,NA,"T","C","CAAACTATGACCACT","CAAACTACGACCACT","GGAGGGAATAGCTGAGCAAA"
"NW_022589749.1_4346801",2,NA,"G","A","ATCCCCCGTGAGCTC","ATCCCCCATGAGCTC","GGCTCACTCGAGCTCACTTC"
"NW_022589750.1_1532271",2,NA,"A","C","ATAAATAAATAAATC","ATAAATACATAAATC","TGCTCTCTCCCCCTGAAATA"
"NW_022589750.1_1784068",2,NA,"C","G","TCAGGAGCTGGTTGT","TCAGGAGGTGGTTGT","GGAGCGGTTCATAAGGATCA"
"NW_022589750.1_941193",2,33,"G","A","GTCGCTGGGGCGGGC","GTCGCTGAGGCGGGC","TGCAGGGTGAGGTAGTGAGTT"
"NW_022589750.1_9823611",2,NA,"T","C","AAGGACGTGGATCCC","AAGGACGCGGATCCC","ATTCAGCAGGTTGGAACAGG"
"NW_022589752.1_11962976",2,51,"G","A","AGCCCATGGCACCTG","AGCCCATAGCACCTG","GCTTGTCCTCCTCTGACTCCT"
"NW_022589753.1_1417388",2,NA,"C","T","GGGAGCCCGTGTCCC","GGGAGCCTGTGTCCC","ACAGGGACCAAGACGAGGTT"
"NW_022589753.1_2948585",2,NA,"C","G","CTCTGGGCACACAAG","CTCTGGGGACACAAG","GCTCTGAGTGTGTCCAGCAG"
"NW_022589753.1_350677",2,NA,"T","C","TCTGGGTTAGAGGGC","TCTGGGTCAGAGGGC","TCCCAAGTTCAGAGAGCTGAG"
"NW_022589753.1_5486441",2,NA,"A","C","ATGACGCACAACTGT","ATGACGCCCAACTGT","GTCAGGAAGCGAGATGCAAG"
"NW_022589753.1_805689",2,NA,"T","C","AGGGCCATCCGCAGA","AGGGCCACCCGCAGA","AAATGCCATTCTAATCCCGTTA"
"NW_022589755.1_3254715",2,NA,"C","T","CTCTTAACCCCTACC","CTCTTAATCCCTACC","CCCTAGCCACACGACTCTTC"
"NW_022589755.1_3812737",2,NA,"G","T","CCCTGCAGGC[G/A]TGGG","CCCTGCATGC[G/A]TGGG","TTCCTCTGGGGATGTCTCTG"
"NW_022589755.1_3812737",2,NA,"G","A","CCCTGCA[G/T]GCGTGGG","CCCTGCA[G/T]GCATGGG","TTCCTCTGGGGATGTCTCTG"
"NW_022589755.1_6492043",2,22,"C","T","CTTTACTCGGCTCGA","CTTTACTTGGCTCGA","CACGGCTCTCAGCACTTTACT"
"NW_022589756.1_8772132",2,NA,"C","G","TCTTCCCCGCATTCT","TCTTCCCGGCATTCT","ACGTTTGCCTGGTTTTTACG"
"NW_022589756.1_9381734",2,NA,"C","T","ACAACGGCGGCCCAC","ACAACGGTGGCCCAC","TTGATGCCTCCTAGACAGTTCA"
"NW_022589759.1_3279906",2,NA,"G","C","GCCTTTTGGTTTAGG","GCCTTTTCGTTTAGG","AGCCAAGAAGTCTGCCTCAC"
"NW_022589759.1_4926162",2,NA,"A","G","CAGTGGCAATGTGGG","CAGTGGCGATGTGGG","CGGTGATGCTCCTGTATGCTA"
"NW_022589759.1_6538668",2,NA,"G","T","GACGACGG[A/T]GATTCC","GACGACGT[A/T]GATTCC","ACAAAGCTCCATGAGGCAAC"
"NW_022589759.1_6538668",2,NA,"A","T","GACGACG[G/T]AGATTCC","GACGACG[G/T]TGATTCC","ACAAAGCTCCATGAGGCAAC"
"NW_022589759.1_7204686",2,NA,"C","A","TTGCCCCCACGGGGC","TTGCCCCAACGGGGC","AGAGGCATGTTACCCCAGTG"
"NW_022589766.1_3931876",2,NA,"T","C","CCAGCACTGTACACA","CCAGCACCGTACACA","CGTCTTCCCTAGACCCAGTG"
"NW_022589766.1_3943897",2,NA,"G","A","CACACGCGTGTGAAG","CACACGCATGTGAAG","CACACACGGATTTACACATGG"
"NW_022589768.1_11766402",2,51,"T","C","AAGGCTCTAAAAATC","AAGGCTCCAAAAATC","GGGAGGGAGGGACTCATAAT"
"NW_022589768.1_2914243",2,NA,"C","T","AGTATTACGTTGTGA","AGTATTATGTTGTGA","CAACCCCATCAAACCTTGTT"
"NW_022589768.1_7053599",2,NA,"A","C","TTTTTTAAATTTTTA","TTTTTTACATTTTTA","GGCAAGAGGATAGTTGCCTTC"
"NW_022589769.1_2544388",2,NA,"G","A","ACACTGCGTCTACCC","ACACTGCATCTACCC","AAAAATCCTACCTCTTAACTCATCC"
"NW_022589769.1_6880385",2,NA,"T","A","AAAGCATTAAAAAAA","AAAGCATAAAAAAAA","GGACGTCTGGTTAGCAGGAG"
"NW_022589771.1_2336816",2,NA,"A","C","CCCCGTGAAGAGCAG","CCCCGTGCAGAGCAG","TAGCATGGCTCCATCTTTGG"
"NW_022589771.1_3068843",2,NA,"T","C","TTGCCTCTGTTTTTG","TTGCCTCCGTTTTTG","GCCTCTGAAATACGGACCTG"
"NW_022589771.1_3251437",2,NA,"A","G","CAACAGTATGATCTC","CAACAGTGTGATCTC","AGAAACAATTAGCGCCATGC"
"NW_022589771.1_5752243",2,NA,"T","G","GGGGCGGTGTCACGA","GGGGCGGGGTCACGA","GTAGGGAGCTTGGGGCTTAC"
"NW_022589771.1_5806959",2,NA,"G","A","CGCCTGGGCAGGTTA","CGCCTGGACAGGTTA","CCTCCTGATGAGGGATGAAG"
"NW_022589771.1_5810216",2,NA,"G","A","TACAAAAGAGTCTTC","TACAAAAAAGTCTTC","CATGTTGATGAGGGGCTACA"
"NW_022589773.1_2635595",2,NA,"T","C","GAGATTATGTGATAT","GAGATTACGTGATAT","TCTCCATGTTAGAGAATGCCTTT"
"NW_022589779.1_5255803",2,37,"C","T","ATGAACACTGGCATC","ATGAACATTGGCATC","AACTGTGGAACCGGGTAGTG"
"NW_022589782.1_5066264",2,NA,"A","C","TGCTTACACTTTTTC","TGCTTACCCTTTTTC","AGACCACGTGTCTCTGTGCTT"
"NW_022589782.1_6166342",2,NA,"A","G","ATTCTGAAGGCTTTG","ATTCTGAGGGCTTTG","AGACCCTGCAGGCTTCATAA"
"NW_022589783.1_3599820",2,NA,"C","T","TTCCCCACGTCAAAA","TTCCCCATGTCAAAA","CAGCATTTTGGCAAGCTCAG"
"NW_022589783.1_4566516",2,NA,"C","T","TCTGGCCCCACCCTG","TCTGGCCTCACCCTG","GGTTCTCCTGGGGAAGCATA"
"NW_022589783.1_4566743",2,NA,"A","G","CTTGCTAAGGCTCGA","CTTGCTAGGGCTCGA","GGACCATCGCTAAACCAGAA"
"NW_022589784.1_2349899",2,NA,"A","G","TGCAGGGAGGAGAGG","TGCAGGGGGGAGAGG","AGACCCACCTTACGGGATTC"
"NW_022589784.1_2407550",2,NA,"T","C","TCCCACTTCCAGGAG","TCCCACTCCCAGGAG","TCAGTGAGAGGAGCCAGATACA"
"NW_022589784.1_3091499",2,NA,"G","A","AGGGGCCGGGCAGAG","AGGGGCCAGGCAGAG","GGGGAGGACAGATCAGATGC"
"NW_022589784.1_3590535",2,NA,"C","G","TTCTGCACATTTCCA","TTCTGCAGATTTCCA","CCTGCAGGCTAAAATCAAGG"
"NW_022589785.1_176443",2,NA,"C","T","GTACACTCGGGAACA","GTACACTTGGGAACA","CCGGACTTGAGCCAGAATTT"
"NW_022589785.1_4405685",2,NA,"G","A","ACCGAAAGTCTCACC","ACCGAAAATCTCACC","TCACCCTTATCGGGATCGTA"
"NW_022589788.1_1156004",2,38,"C","T","CCACAGACGAGAATC","CCACAGATGAGAATC","TCTCTGAAATCCCCAAGTGC"
"NW_022589788.1_2268660",2,NA,"G","T","GCCTGCAGGGCATGG","GCCTGCATGGCATGG","GTGTCTGTTCACGGCGAGAC"
"NW_022589788.1_2358369",2,NA,"A","G","CCTGGGGACAGGGCT","CCTGGGGGCAGGGCT","AGGGAGCTGACATTTTTGGA"
"NW_022589819.1_412590",2,31,"T","G","CTAGGGGTCTCTGGG","CTAGGGGGCTCTGGG","CTCAGAACACCCCACCCTTA"
"NW_022589819.1_546876",2,46,"G","A","AGAATACGCCCGGAC","AGAATACACCCGGAC","CCCAGTGAAAACATGGCATA"
"NW_022593180.1_1705",2,NA,"A","G","CATGTATACTC[C/A]TGG","CATGTATGCTC[C/A]TGG","CTGAACAGATGAGCTCGACA"
"NW_022593180.1_1705",2,NA,"C","A","CATGTAT[A/G]CTCCTGG","CATGTAT[A/G]CTCATGG","CTGAACAGATGAGCTCGACA"
"NW_022594564.1_431",2,NA,"A","T","CCTGCCCACC[A/C]TCCT","CCTGCCCTCC[A/C]TCCT","GGGCATTTCAATGCTTGGAC"
"NW_022594564.1_431",2,NA,"A","C","CCTGCCC[A/T]CCATCCT","CCTGCCC[A/T]CCCTCCT","GGGCATTTCAATGCTTGGAC"
"SRY",2,NA,"T","T","CTCCGTGACAGTCCAGAAACCT","CTCCGTGACAGTCCAGAAACCT","CCAACTCGCTGCTGCAACAGGA"
"ZFX",2,NA,"G","G","CTGGTCTGAAAACTTCATT","CTGGTCTGAAAACTTCATT","AGAGCAACCCTGTCATAAAGAGAAC"
"ZFY",2,NA,"A","A","TGTACCCACAGAGGTGT","TGTACCCACAGAGGTGT","GCAAGCTCCGAGATTAAACCA"
